{
  "only_grid_patterns": {
    "experiment": "only_grid_patterns",
    "utilization": 0.9900990099009901,
    "waste": 750000,
    "profit": 733000,
    "runtime": 0.0377659797668457,
    "total_used_volume": 75000000,
    "num_patterns_generated": 145,
    "num_patterns_used": 3,
    "status": "OPTIMAL",
    "gap": 0.00990099009900991,
    "solve_time": 0.026282787322998047
  },
  "legacy_greedy_without_extreme_points": {
    "experiment": "legacy_greedy_without_extreme_points",
    "utilization": 0.9900990099009901,
    "waste": 750000,
    "profit": 733000,
    "runtime": 84.12306714057922,
    "total_used_volume": 75000000,
    "num_patterns_generated": 148,
    "num_patterns_used": 3,
    "status": "OPTIMAL",
    "gap": 0.00990099009900991,
    "solve_time": 0.016180753707885742
  },
  "improved_greedy_without_extreme_points": {
    "experiment": "improved_greedy_without_extreme_points",
    "utilization": 0.9900990099009901,
    "waste": 750000,
    "profit": 733000,
    "runtime": 0.07205438613891602,
    "total_used_volume": 75000000,
    "num_patterns_generated": 147,
    "num_patterns_used": 3,
    "status": "OPTIMAL",
    "gap": 0.00990099009900991,
    "solve_time": 0.014175653457641602
  },
  "extreme_points_without_random_restart": {
    "experiment": "extreme_points_without_random_restart",
    "utilization": 0.9900990099009901,
    "waste": 750000,
    "profit": 733000,
    "runtime": 70.78386282920837,
    "total_used_volume": 75000000,
    "num_patterns_generated": 151,
    "num_patterns_used": 3,
    "status": "OPTIMAL",
    "gap": 0.00990099009900991,
    "solve_time": 0.0157926082611084
  },
  "full_hybrid_solver": {
    "experiment": "full_hybrid_solver",
    "utilization": 0.9900990099009901,
    "waste": 750000,
    "profit": 733000,
    "runtime": 75.36634922027588,
    "total_used_volume": 75000000,
    "num_patterns_generated": 178,
    "num_patterns_used": 3,
    "status": "OPTIMAL",
    "gap": 0.00990099009900991,
    "solve_time": 0.016163110733032227
  }
}