experiment_name,problem_name,status,total_profit,total_used_volume,total_waste_volume,material_utilization,gap_metric,total_runtime,pattern_generation_time,master_solve_time,total_patterns_generated,num_patterns_used
only_grid_patterns,problem1,OPTIMAL,733000,75000000,750000,0.9900990099009901,0.00990099009900991,0.0377659797668457,0,0.026282787322998047,145,3
legacy_greedy_without_extreme_points,problem1,OPTIMAL,733000,75000000,750000,0.9900990099009901,0.00990099009900991,84.12306714057922,0,0.016180753707885742,148,3
improved_greedy_without_extreme_points,problem1,OPTIMAL,733000,75000000,750000,0.9900990099009901,0.00990099009900991,0.07205438613891602,0,0.014175653457641602,147,3
extreme_points_without_random_restart,problem1,OPTIMAL,733000,75000000,750000,0.9900990099009901,0.00990099009900991,70.78386282920837,0,0.0157926082611084,151,3
full_hybrid_solver,problem1,OPTIMAL,733000,75000000,750000,0.9900990099009901,0.00990099009900991,75.36634922027588,0,0.016163110733032227,178,3
